id,permutation,image1_file,image2_file,model_1,model_2,model_1_count,model_2_count,tie_count,survey_pref_model1,eval_score_model1,eval_score_model2,eval_pref_model1,pickscore_score_model1,pickscore_score_model2,pickscore_pref_model1,vqa_score_model1,vqa_score_model2,vqa_pref_model1,dsg_score_model1,dsg_score_model2,dsg_pref_model1,tit_score_score_model1,tit_score_score_model2,tit_score_pref_model1,imagereward_score_model1,imagereward_score_model2,imagereward_pref_model1
2554,V1-S2-V3,2554-4.png,2554-2.png,flux,qwen-image,0,2,0,0.0,0.8333333333333333,1.0,0.45454545454545453,0.21952880918979645,0.23087716102600098,0.487402085466621,0.33495715260505676,0.9654536247253418,0.2575779580146877,0.2857142857142857,0.42857142857142855,0.4,,,,-0.4530729353427887,0.7336044907569885,0.2338537020454177
2554,V1-V2-V3,2554-4.png,2554-2.png,flux,qwen-image,0,2,0,0.0,0.888888888888889,1.0,0.4705882352941177,0.21952880918979645,0.23087716102600098,0.487402085466621,0.33495715260505676,0.9654536247253418,0.2575779580146877,0.2857142857142857,0.42857142857142855,0.4,,,,-0.4530729353427887,0.7336044907569885,0.2338537020454177
0357,V1-S2-V3,0357-5.png,0357-5.png,qwen-image,flux,1,1,1,0.5,1.0,0.9166666666666667,0.5217391304347826,0.25604236125946045,0.24908605217933655,0.5068856838133169,0.9758802056312561,0.9311909079551697,0.5117167360350932,0.3076923076923077,0.3076923076923077,0.5,,,,1.6899244785308838,1.4519412517547607,0.5378729148865452
0357,V1-V2-V3,0357-5.png,0357-5.png,qwen-image,flux,1,1,1,0.5,0.888888888888889,0.8333333333333335,0.5161290322580645,0.25604236125946045,0.24908605217933655,0.5068856838133169,0.9758802056312561,0.9311909079551697,0.5117167360350932,0.3076923076923077,0.3076923076923077,0.5,,,,1.6899244785308838,1.4519412517547607,0.5378729148865452
0244,V1-S2-V3,0244-4.png,0244-4.png,sdxl,z-image,0,4,1,0.1,0.5833333333333334,0.6666666666666666,0.4666666666666667,0.22743359208106995,0.23680806159973145,0.4899034592821058,0.9230435490608215,0.9537401795387268,0.4918220117720194,0.08333333333333333,0.08333333333333333,0.5,,,,0.5890617370605469,1.7307019233703613,0.2539317893061251
0244,V1-V2-V3,0244-4.png,0244-4.png,sdxl,z-image,0,4,1,0.1,0.7222222222222223,0.7777777777777779,0.48148148148148145,0.22743359208106995,0.23680806159973145,0.4899034592821058,0.9230435490608215,0.9537401795387268,0.4918220117720194,0.08333333333333333,0.08333333333333333,0.5,,,,0.5890617370605469,1.7307019233703613,0.2539317893061251
0257,V1-S2-V3,0257-4.png,0257-2.png,z-image,qwen-image,0,2,0,0.0,0.8333333333333333,1.0,0.45454545454545453,0.22955751419067383,0.23692861199378967,0.4920993386626454,0.909176230430603,0.9537397027015686,0.4880393227954093,0.0,0.2,0.0,,,,-1.5619959831237793,-0.017004527151584625,0.1758108351269655
0257,V1-V2-V3,0257-4.png,0257-2.png,z-image,qwen-image,0,2,0,0.0,0.7222222222222223,1.0,0.41935483870967744,0.22955751419067383,0.23692861199378967,0.4920993386626454,0.909176230430603,0.9537397027015686,0.4880393227954093,0.0,0.2,0.0,,,,-1.5619959831237793,-0.017004527151584625,0.1758108351269655
0094,V1-S2-V3,0094-1.png,0094-2.png,z-image,sdxl,3,0,0,1.0,0.9,0.8,0.5294117647058824,0.22816723585128784,0.19300293922424316,0.5417459482034055,0.9091758131980896,0.7489645481109619,0.5483105257026147,0.5,0.5,0.5,,,,0.9336324334144592,0.8164757490158081,0.5334712692548991
0094,V1-V2-V3,0094-1.png,0094-2.png,z-image,sdxl,3,0,0,1.0,0.8666666666666668,0.8666666666666668,0.5,0.22816723585128784,0.19300293922424316,0.5417459482034055,0.9091758131980896,0.7489645481109619,0.5483105257026147,0.5,0.5,0.5,,,,0.9336324334144592,0.8164757490158081,0.5334712692548991
0142,V1-S2-V3,0142-3.png,0142-3.png,sdxl,flux,1,1,1,0.5,1.0,0.9166666666666667,0.5217391304347826,0.2337166666984558,0.22318270802497864,0.5115276571344112,0.8478598594665527,0.945163369178772,0.47286607664705643,0.35294117647058826,0.35294117647058826,0.5,,,,0.40305495262145996,-0.12990359961986542,0.6301728825646541
0142,V1-V2-V3,0142-3.png,0142-3.png,sdxl,flux,1,1,1,0.5,0.9166666666666667,0.8611111111111113,0.5156249999999999,0.2337166666984558,0.22318270802497864,0.5115276571344112,0.8478598594665527,0.945163369178772,0.47286607664705643,0.35294117647058826,0.35294117647058826,0.5,,,,0.40305495262145996,-0.12990359961986542,0.6301728825646541
1321,V1-S2-V3,1321-3.png,1321-5.png,qwen-image,sd15,0,0,0,0.5,0.8,0.8,0.5,0.22561156749725342,0.193338081240654,0.5385171420406054,0.8241847157478333,0.5310928225517273,0.6081298423804185,0.2,0.2,0.5,,,,1.0308492183685303,-0.31257981061935425,0.7930532784484385
1321,V1-V2-V3,1321-3.png,1321-5.png,qwen-image,sd15,0,0,0,0.5,0.7555555555555556,0.6444444444444445,0.5396825396825397,0.22561156749725342,0.193338081240654,0.5385171420406054,0.8241847157478333,0.5310928225517273,0.6081298423804185,0.2,0.2,0.5,,,,1.0308492183685303,-0.31257981061935425,0.7930532784484385
2635,V1-S2-V3,2635-2.png,2635-1.png,sdxl,z-image,0,3,1,0.125,0.16666666666666666,0.5,0.25,0.22101081907749176,0.2275109589099884,0.4927538191549329,0.7795612215995789,0.9348363876342773,0.4547143657928661,0.0,0.1111111111111111,0.0,,,,0.22385543584823608,0.33033162355422974,0.4039347943086238
2635,V1-V2-V3,2635-2.png,2635-1.png,sdxl,z-image,0,3,1,0.125,0.3333333333333333,0.5,0.4,0.22101081907749176,0.2275109589099884,0.4927538191549329,0.7795612215995789,0.9348363876342773,0.4547143657928661,0.0,0.1111111111111111,0.0,,,,0.22385543584823608,0.33033162355422974,0.4039347943086238
0851,V1-S2-V3,0851-5.png,0851-2.png,qwen-image,sdxl,3,1,0,0.75,1.0,0.41666666666666663,0.7058823529411765,0.22111499309539795,0.21812811493873596,0.5034000284831218,0.9612202644348145,0.9230431318283081,0.5101305190883131,0.5454545454545454,0.45454545454545453,0.5454545454545454,,,,0.3869117796421051,-0.4151516854763031,0.6904157032067385
0851,V1-V2-V3,0851-5.png,0851-2.png,qwen-image,sdxl,3,1,0,0.75,1.0,0.5000000000000001,0.6666666666666666,0.22111499309539795,0.21812811493873596,0.5034000284831218,0.9612202644348145,0.9230431318283081,0.5101305190883131,0.5454545454545454,0.45454545454545453,0.5454545454545454,,,,0.3869117796421051,-0.4151516854763031,0.6904157032067385
0126,V1-S2-V3,0126-3.png,0126-4.png,flux,sdxl,0,0,0,0.5,1.0,0.7333333333333334,0.5769230769230769,0.2365836799144745,0.2396349310874939,0.4967963755484067,0.9712460041046143,0.42674675583839417,0.6947432289593608,0.4444444444444444,0.4444444444444444,0.5,,,,1.8026026487350464,1.136637806892395,0.6132885947741366
0126,V1-V2-V3,0126-3.png,0126-4.png,flux,sdxl,0,0,0,0.5,1.0,0.7333333333333334,0.5769230769230769,0.2365836799144745,0.2396349310874939,0.4967963755484067,0.9712460041046143,0.42674675583839417,0.6947432289593608,0.4444444444444444,0.4444444444444444,0.5,,,,1.8026026487350464,1.136637806892395,0.6132885947741366
2477,V1-S2-V3,2477-4.png,2477-2.png,sdxl,flux,1,3,0,0.25,1.0,1.0,0.5,0.2310052365064621,0.225185364484787,0.5063787723914404,0.9712453484535217,0.9038645625114441,0.5179671563645574,0.2857142857142857,0.2857142857142857,0.5,,,,0.7725796699523926,-0.3914526402950287,0.7620646343619757
2477,V1-V2-V3,2477-4.png,2477-2.png,sdxl,flux,1,3,0,0.25,1.0,1.0,0.5,0.2310052365064621,0.225185364484787,0.5063787723914404,0.9712453484535217,0.9038645625114441,0.5179671563645574,0.2857142857142857,0.2857142857142857,0.5,,,,0.7725796699523926,-0.3914526402950287,0.7620646343619757
2808,V1-S2-V3,2808-3.png,2808-1.png,sd15,sdxl,0,1,1,0.25,0.7083333333333333,0.75,0.4857142857142857,0.1921006143093109,0.20217078924179077,0.48722938711534697,0.8620529770851135,0.9348366260528564,0.4797473231408768,0.36363636363636365,0.45454545454545453,0.4444444444444445,,,,-0.35381367802619934,0.16207949817180634,0.37381304680727623
2808,V1-V2-V3,2808-3.png,2808-1.png,sd15,sdxl,0,1,1,0.25,0.7500000000000001,0.8333333333333334,0.4736842105263158,0.1921006143093109,0.20217078924179077,0.48722938711534697,0.8620529770851135,0.9348366260528564,0.4797473231408768,0.36363636363636365,0.45454545454545453,0.4444444444444445,,,,-0.35381367802619934,0.16207949817180634,0.37381304680727623
0659,V1-S2-V3,0659-1.png,0659-1.png,flux,sd15,1,0,0,1.0,0.8333333333333333,0.7,0.5434782608695652,0.215586856007576,0.20298424363136292,0.5150543269555449,0.927108883857727,0.788750171661377,0.5403176215876577,0.08333333333333333,0.08333333333333333,0.5,,,,0.4470709264278412,-1.5587215423583984,0.8814039098248568
0659,V1-V2-V3,0659-1.png,0659-1.png,flux,sd15,1,0,0,1.0,0.8055555555555556,0.55,0.5942622950819672,0.215586856007576,0.20298424363136292,0.5150543269555449,0.927108883857727,0.788750171661377,0.5403176215876577,0.08333333333333333,0.08333333333333333,0.5,,,,0.4470709264278412,-1.5587215423583984,0.8814039098248568
0130,V1-S2-V3,0130-4.png,0130-5.png,sd15,sdxl,0,4,1,0.1,0.41666666666666663,0.08333333333333333,0.8333333333333334,0.18175306916236877,0.2306157648563385,0.4407536510242757,0.26705145835876465,0.8396196961402893,0.241310580178308,0.14285714285714285,0.35714285714285715,0.2857142857142857,,,,-1.9933850765228271,0.11202695965766907,0.10857191170704387
0130,V1-V2-V3,0130-4.png,0130-5.png,sd15,sdxl,0,4,1,0.1,0.2777777777777778,0.05555555555555556,0.8333333333333333,0.18175306916236877,0.2306157648563385,0.4407536510242757,0.26705145835876465,0.8396196961402893,0.241310580178308,0.14285714285714285,0.35714285714285715,0.2857142857142857,,,,-1.9933850765228271,0.11202695965766907,0.10857191170704387
2480,V1-S2-V3,2480-4.png,2480-2.png,flux,sd15,2,0,0,1.0,0.8333333333333333,0.0,1.0,0.21949873864650726,0.19921454787254333,0.5242220529262344,0.9348358511924744,0.5653470754623413,0.6231479072202342,0.4,0.2,0.6666666666666666,,,,0.331771582365036,-1.9356887340545654,0.9061460220084775
2480,V1-V2-V3,2480-4.png,2480-2.png,flux,sd15,2,0,0,1.0,0.888888888888889,0.0,1.0,0.21949873864650726,0.19921454787254333,0.5242220529262344,0.9348358511924744,0.5653470754623413,0.6231479072202342,0.4,0.2,0.6666666666666666,,,,0.331771582365036,-1.9356887340545654,0.9061460220084775
1254,V1-S2-V3,1254-5.png,1254-5.png,sdxl,flux,0,4,0,0.0,0.5,0.5,0.5,0.22241465747356415,0.22968871891498566,0.491955311748026,0.8241845965385437,0.9230433106422424,0.47170983999929045,0.18181818181818182,0.2727272727272727,0.4,,,,0.7036145925521851,1.494947075843811,0.32003404892687
1254,V1-V2-V3,1254-5.png,1254-5.png,sdxl,flux,0,4,0,0.0,0.33333333333333337,0.4444444444444445,0.42857142857142855,0.22241465747356415,0.22968871891498566,0.491955311748026,0.8241845965385437,0.9230433106422424,0.47170983999929045,0.18181818181818182,0.2727272727272727,0.4,,,,0.7036145925521851,1.494947075843811,0.32003404892687
1338,V1-S2-V3,1338-5.png,1338-1.png,qwen-image,flux,2,2,1,0.5,1.0,0.4666666666666667,0.6818181818181818,0.2401132881641388,0.2428714781999588,0.4971446407548383,0.824178159236908,0.7287613749504089,0.5307213456113191,0.1,0.1,0.5,,,,-0.4294392466545105,-0.02901267632842064,0.4012098560987279
1338,V1-V2-V3,1338-5.png,1338-1.png,qwen-image,flux,2,2,1,0.5,0.888888888888889,0.6444444444444446,0.5797101449275361,0.2401132881641388,0.2428714781999588,0.4971446407548383,0.824178159236908,0.7287613749504089,0.5307213456113191,0.1,0.1,0.5,,,,-0.4294392466545105,-0.02901267632842064,0.4012098560987279
0346,V1-S2-V3,0346-4.png,0346-5.png,sdxl,sd15,2,0,2,0.75,0.41666666666666663,0.5833333333333333,0.4166666666666667,0.22474350035190582,0.21176855266094208,0.5148620726523007,0.43857720494270325,0.36501625180244446,0.5457700050459644,0.4,0.2,0.6666666666666666,,,,0.7022257447242737,0.3108355700969696,0.6931720069166621
0346,V1-V2-V3,0346-4.png,0346-5.png,sdxl,sd15,2,0,2,0.75,0.5833333333333334,0.38888888888888895,0.6,0.22474350035190582,0.21176855266094208,0.5148620726523007,0.43857720494270325,0.36501625180244446,0.5457700050459644,0.4,0.2,0.6666666666666666,,,,0.7022257447242737,0.3108355700969696,0.6931720069166621
0741,V1-S2-V3,0741-3.png,0741-5.png,flux,z-image,0,3,0,0.0,0.4166666666666667,0.5,0.45454545454545453,0.24198751151561737,0.22441965341567993,0.5188331777691765,0.21125517785549164,0.9271089434623718,0.1855778602815814,0.3076923076923077,0.46153846153846156,0.4,,,,1.1482714414596558,1.7106446027755737,0.40164573694811756
0741,V1-V2-V3,0741-3.png,0741-5.png,flux,z-image,0,3,0,0.0,0.44444444444444453,0.5,0.4705882352941177,0.24198751151561737,0.22441965341567993,0.5188331777691765,0.21125517785549164,0.9271089434623718,0.1855778602815814,0.3076923076923077,0.46153846153846156,0.4,,,,1.1482714414596558,1.7106446027755737,0.40164573694811756
1953,V1-S2-V3,1953-3.png,1953-5.png,sd15,sdxl,0,0,0,0.5,0.7333333333333334,1.0,0.4230769230769231,0.1972021460533142,0.21490895748138428,0.4785169444887582,0.18789398670196533,0.9271085858345032,0.1685143974820918,0.18181818181818182,0.2727272727272727,0.4,,,,-1.039428472518921,0.05949646607041359,0.2499413827219197
1953,V1-V2-V3,1953-3.png,1953-5.png,sd15,sdxl,0,0,0,0.5,0.48888888888888893,0.6000000000000001,0.4489795918367347,0.1972021460533142,0.21490895748138428,0.4785169444887582,0.18789398670196533,0.9271085858345032,0.1685143974820918,0.18181818181818182,0.2727272727272727,0.4,,,,-1.039428472518921,0.05949646607041359,0.2499413827219197
2377,V1-S2-V3,2377-2.png,2377-2.png,z-image,flux,0,1,2,0.3333333333333333,0.75,0.75,0.5,0.23434369266033173,0.22777226567268372,0.5071101493782567,0.9311913847923279,0.9417083263397217,0.4971923372391795,0.3333333333333333,0.3333333333333333,0.5,,,,1.4421247243881226,0.7264135479927063,0.6650215690243825
2377,V1-V2-V3,2377-2.png,2377-2.png,z-image,flux,0,1,2,0.3333333333333333,0.8333333333333334,0.9444444444444445,0.46875,0.23434369266033173,0.22777226567268372,0.5071101493782567,0.9311913847923279,0.9417083263397217,0.4971923372391795,0.3333333333333333,0.3333333333333333,0.5,,,,1.4421247243881226,0.7264135479927063,0.6650215690243825
1498,V1-S2-V3,1498-5.png,1498-2.png,qwen-image,sd15,4,2,1,0.6428571428571429,1.0,0.875,0.5333333333333333,0.21746502816677094,0.20445260405540466,0.5154205739670464,0.9509496688842773,0.8933345079421997,0.5156199249730641,0.7,0.7,0.5,,,,0.07814428210258484,-0.7627032399177551,0.6986436839060796
1498,V1-V2-V3,1498-5.png,1498-2.png,qwen-image,sd15,4,2,1,0.6428571428571429,0.9166666666666667,0.75,0.55,0.21746502816677094,0.20445260405540466,0.5154205739670464,0.9509496688842773,0.8933345079421997,0.5156199249730641,0.7,0.7,0.5,,,,0.07814428210258484,-0.7627032399177551,0.6986436839060796
3009,V1-S2-V3,3009-1.png,3009-1.png,flux,sd15,6,0,0,1.0,1.0,1.0,0.5,0.22449341416358948,0.20018711686134338,0.5286171551631821,0.9140729904174805,0.7489640116691589,0.5496408012994168,0.375,0.375,0.5,,,,0.4101678729057312,-0.809837281703949,0.7720644565410689
3009,V1-V2-V3,3009-1.png,3009-1.png,flux,sd15,6,0,0,1.0,1.0,1.0,0.5,0.22449341416358948,0.20018711686134338,0.5286171551631821,0.9140729904174805,0.7489640116691589,0.5496408012994168,0.375,0.375,0.5,,,,0.4101678729057312,-0.809837281703949,0.7720644565410689
1869,V1-S2-V3,1869-1.png,1869-5.png,qwen-image,sd15,1,0,1,0.75,0.8333333333333333,0.6666666666666666,0.5555555555555555,0.2022882103919983,0.1840534508228302,0.5235992664004058,0.9185469150543213,0.9038646817207336,0.5040282429500474,0.2857142857142857,0.2857142857142857,0.5,,,,-0.3399091362953186,-1.785047173500061,0.8092490451866635
1869,V1-V2-V3,1869-1.png,1869-5.png,qwen-image,sd15,1,0,1,0.75,0.888888888888889,0.6111111111111112,0.5925925925925927,0.2022882103919983,0.1840534508228302,0.5235992664004058,0.9185469150543213,0.9038646817207336,0.5040282429500474,0.2857142857142857,0.2857142857142857,0.5,,,,-0.3399091362953186,-1.785047173500061,0.8092490451866635
0904,V1-S2-V3,0904-1.png,0904-2.png,flux,z-image,4,0,0,1.0,0.6666666666666666,0.6666666666666666,0.5,0.22490085661411285,0.23069128394126892,0.4936451632812439,0.9038617014884949,0.8816317915916443,0.5062251444721039,0.5,0.5,0.5,,,,0.03127865493297577,0.47287607192993164,0.062041776594274074
0904,V1-V2-V3,0904-1.png,0904-2.png,flux,z-image,4,0,0,1.0,0.6111111111111112,0.6111111111111112,0.5,0.22490085661411285,0.23069128394126892,0.4936451632812439,0.9038617014884949,0.8816317915916443,0.5062251444721039,0.5,0.5,0.5,,,,0.03127865493297577,0.47287607192993164,0.062041776594274074
1048,V1-S2-V3,1048-3.png,1048-4.png,z-image,sdxl,2,0,0,1.0,0.8333333333333333,0.4583333333333333,0.6451612903225806,0.23883306980133057,0.21898885071277618,0.5216724213055051,0.9140734672546387,0.7795612215995789,0.5397111155493811,0.21428571428571427,0.14285714285714285,0.6000000000000001,,,,1.4812240600585938,-0.015794670209288597,0.8171294093418326
1048,V1-V2-V3,1048-3.png,1048-4.png,z-image,sdxl,2,0,0,1.0,0.8472222222222222,0.4305555555555556,0.6630434782608696,0.23883306980133057,0.21898885071277618,0.5216724213055051,0.9140734672546387,0.7795612215995789,0.5397111155493811,0.21428571428571427,0.14285714285714285,0.6000000000000001,,,,1.4812240600585938,-0.015794670209288597,0.8171294093418326
0003,V1-S2-V3,0003-1.png,0003-5.png,sd15,sdxl,1,2,2,0.4,0.5833333333333333,0.7083333333333333,0.45161290322580644,0.202511727809906,0.2283545434474945,0.4700106304884678,0.5787544846534729,0.44897741079330444,0.5631376112948949,0.1111111111111111,0.1111111111111111,0.5,,,,-1.7643271684646606,-1.5506694316864014,0.4467878382458084
0003,V1-V2-V3,0003-1.png,0003-5.png,sd15,sdxl,1,2,2,0.4,0.5222222222222223,0.6055555555555556,0.46305418719211827,0.202511727809906,0.2283545434474945,0.4700106304884678,0.5787544846534729,0.44897741079330444,0.5631376112948949,0.1111111111111111,0.1111111111111111,0.5,,,,-1.7643271684646606,-1.5506694316864014,0.4467878382458084
2579,V1-S2-V3,2579-3.png,2579-4.png,flux,qwen-image,1,4,0,0.2,0.3666666666666667,0.5666666666666667,0.3928571428571429,0.2323121428489685,0.2266872525215149,0.5061273395827826,0.7592747807502747,0.8241852521896362,0.4795035965262583,0.375,0.375,0.5,,,,1.3953988552093506,1.1502411365509033,0.5481524723550808
2579,V1-V2-V3,2579-3.png,2579-4.png,flux,qwen-image,1,4,0,0.2,0.32777777777777783,0.5444444444444445,0.37579617834394907,0.2323121428489685,0.2266872525215149,0.5061273395827826,0.7592747807502747,0.8241852521896362,0.4795035965262583,0.375,0.375,0.5,,,,1.3953988552093506,1.1502411365509033,0.5481524723550808
1051,V1-S2-V3,1051-4.png,1051-2.png,sdxl,flux,3,1,0,0.75,1.0,0.5666666666666667,0.6382978723404256,0.23561063408851624,0.2435179054737091,0.4917482776204297,0.9230432510375977,0.39467641711235046,0.7004852954297417,0.36363636363636365,0.2727272727272727,0.5714285714285715,,,,0.8722435235977173,0.027058828622102737,0.9699113111899338
1051,V1-V2-V3,1051-4.png,1051-2.png,sdxl,flux,3,1,0,0.75,0.9166666666666667,0.7111111111111112,0.5631399317406143,0.23561063408851624,0.2435179054737091,0.4917482776204297,0.9230432510375977,0.39467641711235046,0.7004852954297417,0.36363636363636365,0.2727272727272727,0.5714285714285715,,,,0.8722435235977173,0.027058828622102737,0.9699113111899338
0167,V1-S2-V3,0167-1.png,0167-2.png,sdxl,sd15,4,0,0,1.0,0.6333333333333333,0.4666666666666667,0.5757575757575757,0.2285872846841812,0.20764096081256866,0.5240084452208731,0.9654521346092224,0.5544121265411377,0.635222604601866,0.3,0.3,0.5,,,,0.03292720764875412,-1.1879887580871582,0.7722247022116235
0167,V1-V2-V3,0167-1.png,0167-2.png,sdxl,sd15,4,0,0,1.0,0.5888888888888889,0.3111111111111111,0.654320987654321,0.2285872846841812,0.20764096081256866,0.5240084452208731,0.9654521346092224,0.5544121265411377,0.635222604601866,0.3,0.3,0.5,,,,0.03292720764875412,-1.1879887580871582,0.7722247022116235
0507,V1-S2-V3,0507-5.png,0507-1.png,qwen-image,z-image,0,0,1,0.5,0.7083333333333333,0.7083333333333333,0.5,0.23081383109092712,0.21620090305805206,0.5163450183143236,0.9348368048667908,0.9417088031768799,0.49816897647447717,0.2,0.2,0.5,,,,0.625508189201355,-0.11045325547456741,0.6761121048722025
0507,V1-V2-V3,0507-5.png,0507-1.png,qwen-image,z-image,0,0,1,0.5,0.8055555555555556,0.8055555555555556,0.5,0.23081383109092712,0.21620090305805206,0.5163450183143236,0.9348368048667908,0.9417088031768799,0.49816897647447717,0.2,0.2,0.5,,,,0.625508189201355,-0.11045325547456741,0.6761121048722025
2584,V1-S2-V3,2584-4.png,2584-5.png,flux,qwen-image,0,2,2,0.25,0.4666666666666667,0.5666666666666667,0.4516129032258065,0.2331233024597168,0.2226889729499817,0.5114458627736127,0.37513476610183716,0.6494418978691101,0.36613635591496785,0.15,0.2,0.4285714285714286,,,,0.2648760974407196,0.49676060676574707,0.34777223311038885
2584,V1-V2-V3,2584-4.png,2584-5.png,flux,qwen-image,0,2,2,0.25,0.4592592592592593,0.7111111111111111,0.3924050632911392,0.2331233024597168,0.2226889729499817,0.5114458627736127,0.37513476610183716,0.6494418978691101,0.36613635591496785,0.15,0.2,0.4285714285714286,,,,0.2648760974407196,0.49676060676574707,0.34777223311038885
1842,V1-S2-V3,1842-1.png,1842-3.png,z-image,sd15,2,0,0,1.0,1.0,0.8333333333333333,0.5454545454545455,0.22450800240039825,0.190842866897583,0.5405261406575548,0.9869022369384766,0.7387926578521729,0.5718868612972291,0.42857142857142855,0.2857142857142857,0.6000000000000001,,,,1.4221287965774536,-0.36981287598609924,0.8571651663035899
1842,V1-V2-V3,1842-1.png,1842-3.png,z-image,sd15,2,0,0,1.0,1.0,0.8333333333333333,0.5454545454545455,0.22450800240039825,0.190842866897583,0.5405261406575548,0.9869022369384766,0.7387926578521729,0.5718868612972291,0.42857142857142855,0.2857142857142857,0.6000000000000001,,,,1.4221287965774536,-0.36981287598609924,0.8571651663035899
0124,V1-S2-V3,0124-3.png,0124-5.png,z-image,flux,0,1,0,0.0,1.0,0.8333333333333333,0.5454545454545455,0.22202323377132416,0.2268659472465515,0.49460589196620164,0.8876819610595703,0.9185471534729004,0.491455903305678,0.5,0.5,0.5,,,,1.5578560829162598,1.8375636339187622,0.45881104924736277
0124,V1-V2-V3,0124-3.png,0124-5.png,z-image,flux,0,1,0,0.0,0.888888888888889,0.888888888888889,0.5,0.22202323377132416,0.2268659472465515,0.49460589196620164,0.8876819610595703,0.9185471534729004,0.491455903305678,0.5,0.5,0.5,,,,1.5578560829162598,1.8375636339187622,0.45881104924736277
2683,V1-S2-V3,2683-2.png,2683-5.png,flux,sdxl,1,0,0,1.0,0.9166666666666667,0.25,0.7857142857142857,0.22539597749710083,0.23789338767528534,0.4865123062197485,0.9481682181358337,0.8756287693977356,0.5198869307367915,0.38461538461538464,0.38461538461538464,0.5,,,,0.23587684333324432,-1.418919324874878,0.8395382131294196
2683,V1-V2-V3,2683-2.png,2683-5.png,flux,sdxl,1,0,0,1.0,0.9166666666666667,0.25,0.7857142857142857,0.22539597749710083,0.23789338767528534,0.4865123062197485,0.9481682181358337,0.8756287693977356,0.5198869307367915,0.38461538461538464,0.38461538461538464,0.5,,,,0.23587684333324432,-1.418919324874878,0.8395382131294196
0545,V1-S2-V3,0545-5.png,0545-3.png,qwen-image,flux,1,1,2,0.5,0.7083333333333333,0.7083333333333333,0.5,0.20692706108093262,0.21197828650474548,0.4939709227240412,0.9384951591491699,0.86881422996521,0.5192775320052161,0.25,0.25,0.5,,,,0.03239186480641365,0.02241373248398304,0.5910320552621642
0545,V1-V2-V3,0545-5.png,0545-3.png,qwen-image,flux,1,1,2,0.5,0.888888888888889,0.8055555555555556,0.5245901639344263,0.20692706108093262,0.21197828650474548,0.4939709227240412,0.9384951591491699,0.86881422996521,0.5192775320052161,0.25,0.25,0.5,,,,0.03239186480641365,0.02241373248398304,0.5910320552621642
1528,V1-S2-V3,1528-3.png,1528-5.png,sd15,sdxl,0,1,0,0.0,0.1,0.3666666666666667,0.2142857142857143,0.1866743266582489,0.20246094465255737,0.479715770892303,0.2179611474275589,0.6148794293403625,0.2617081269904261,0.16666666666666666,0.16666666666666666,0.5,,,,-1.97670316696167,-0.5559050440788269,0.19453649359392525
1528,V1-V2-V3,1528-3.png,1528-5.png,sd15,sdxl,0,1,0,0.0,0.1777777777777778,0.35555555555555557,0.3333333333333333,0.1866743266582489,0.20246094465255737,0.479715770892303,0.2179611474275589,0.6148794293403625,0.2617081269904261,0.16666666666666666,0.16666666666666666,0.5,,,,-1.97670316696167,-0.5559050440788269,0.19453649359392525
0817,V1-S2-V3,0817-4.png,0817-1.png,flux,qwen-image,1,0,2,0.6666666666666666,0.6666666666666666,0.6666666666666666,0.5,0.22714868187904358,0.22091126441955566,0.5069604720428761,0.903864860534668,0.9140734672546387,0.49719225713988197,0.4444444444444444,0.4444444444444444,0.5,,,,1.4233412742614746,1.4993536472320557,0.48699618417037216
0817,V1-V2-V3,0817-4.png,0817-1.png,flux,qwen-image,1,0,2,0.6666666666666666,0.7777777777777779,0.6666666666666667,0.5384615384615384,0.22714868187904358,0.22091126441955566,0.5069604720428761,0.903864860534668,0.9140734672546387,0.49719225713988197,0.4444444444444444,0.4444444444444444,0.5,,,,1.4233412742614746,1.4993536472320557,0.48699618417037216
2496,V1-S2-V3,2496-5.png,2496-3.png,flux,qwen-image,1,0,1,0.75,1.0,1.0,0.5,0.23046459257602692,0.22913482785224915,0.5014466562235202,0.9635697603225708,0.9729074835777283,0.4975889922578305,0.4444444444444444,0.4444444444444444,0.5,,,,1.3537318706512451,0.6732031106948853,0.6678713836949043
2496,V1-V2-V3,2496-5.png,2496-3.png,flux,qwen-image,1,0,1,0.75,1.0,1.0,0.5,0.23046459257602692,0.22913482785224915,0.5014466562235202,0.9635697603225708,0.9729074835777283,0.4975889922578305,0.4444444444444444,0.4444444444444444,0.5,,,,1.3537318706512451,0.6732031106948853,0.6678713836949043
0911,V1-S2-V3,0911-1.png,0911-2.png,z-image,sdxl,2,0,1,0.8333333333333334,0.8333333333333333,0.5,0.625,0.20635877549648285,0.2143578678369522,0.49049349191763525,0.9537402391433716,0.9384956955909729,0.5040281825518071,0.36363636363636365,0.36363636363636365,0.5,,,,-0.33267828822135925,-0.06759901344776154,0.4341155224225272
0911,V1-V2-V3,0911-1.png,0911-2.png,z-image,sdxl,2,0,1,0.8333333333333334,0.7777777777777779,0.6111111111111112,0.56,0.20635877549648285,0.2143578678369522,0.49049349191763525,0.9537402391433716,0.9384956955909729,0.5040281825518071,0.36363636363636365,0.36363636363636365,0.5,,,,-0.33267828822135925,-0.06759901344776154,0.4341155224225272
0056,V1-S2-V3,0056-2.png,0056-1.png,qwen-image,flux,0,0,1,0.5,0.8,0.4666666666666667,0.6315789473684211,0.22142726182937622,0.23226596415042877,0.48805503179197235,0.9185410737991333,0.9140704274177551,0.5012197474419454,0.3333333333333333,0.3333333333333333,0.5,,,,1.2767796516418457,1.6211066246032715,0.44058997832592983
0056,V1-V2-V3,0056-2.png,0056-1.png,qwen-image,flux,0,0,1,0.5,0.7555555555555556,0.6444444444444446,0.5396825396825397,0.22142726182937622,0.23226596415042877,0.48805503179197235,0.9185410737991333,0.9140704274177551,0.5012197474419454,0.3333333333333333,0.3333333333333333,0.5,,,,1.2767796516418457,1.6211066246032715,0.44058997832592983
2790,V1-S2-V3,2790-4.png,2790-1.png,z-image,sdxl,1,0,1,0.75,0.5,0.8333333333333333,0.375,0.23387683928012848,0.2368590086698532,0.4968324386142336,0.931191623210907,0.9588761329650879,0.492676318173325,0.2727272727272727,0.2727272727272727,0.5,,,,1.8092468976974487,1.0532166957855225,0.6320593567780557
2790,V1-V2-V3,2790-4.png,2790-1.png,z-image,sdxl,1,0,1,0.75,0.6666666666666667,0.888888888888889,0.42857142857142855,0.23387683928012848,0.2368590086698532,0.4968324386142336,0.931191623210907,0.9588761329650879,0.492676318173325,0.2727272727272727,0.2727272727272727,0.5,,,,1.8092468976974487,1.0532166957855225,0.6320593567780557
2378,V1-S2-V3,2378-4.png,2378-5.png,sdxl,flux,0,2,0,0.0,0.7333333333333334,0.7333333333333334,0.5,0.22497767210006714,0.222095787525177,0.5032230548613933,0.4168616533279419,0.9417085647583008,0.3068385040231165,0.36363636363636365,0.2727272727272727,0.5714285714285715,,,,-0.8451395630836487,-0.6893424391746521,0.46112931208791724
2378,V1-V2-V3,2378-4.png,2378-5.png,sdxl,flux,0,2,0,0.0,0.6000000000000001,0.7111111111111111,0.4576271186440678,0.22497767210006714,0.222095787525177,0.5032230548613933,0.4168616533279419,0.9417085647583008,0.3068385040231165,0.36363636363636365,0.2727272727272727,0.5714285714285715,,,,-0.8451395630836487,-0.6893424391746521,0.46112931208791724
2559,V1-S2-V3,2559-4.png,2559-3.png,flux,sdxl,1,0,3,0.625,0.8333333333333333,1.0,0.45454545454545453,0.22377903759479523,0.22303828597068787,0.5008289199915039,0.8241842985153198,0.9449328184127808,0.465873226045337,0.6,0.6,0.5,,,,-0.5325641632080078,0.5867545008659363,0.24613768623862337
2559,V1-V2-V3,2559-4.png,2559-3.png,flux,sdxl,1,0,3,0.625,1.0,1.0,0.5,0.22377903759479523,0.22303828597068787,0.5008289199915039,0.8241842985153198,0.9449328184127808,0.465873226045337,0.6,0.6,0.5,,,,-0.5325641632080078,0.5867545008659363,0.24613768623862337
1961,V1-S2-V3,1961-2.png,1961-5.png,qwen-image,flux,0,2,2,0.25,0.8333333333333333,1.0,0.45454545454545453,0.21818649768829346,0.23515823483467102,0.4812816429431902,0.9729074835777283,0.9311909675598145,0.5109544010166575,0.3,0.3,0.5,,,,0.7430040240287781,0.2986469268798828,0.7132946246347063
1961,V1-V2-V3,1961-2.png,1961-5.png,qwen-image,flux,0,2,2,0.25,0.888888888888889,0.8333333333333334,0.5161290322580645,0.21818649768829346,0.23515823483467102,0.4812816429431902,0.9729074835777283,0.9311909675598145,0.5109544010166575,0.3,0.3,0.5,,,,0.7430040240287781,0.2986469268798828,0.7132946246347063
0183,V1-S2-V3,0183-5.png,0183-3.png,z-image,flux,0,1,1,0.25,0.7083333333333333,0.6666666666666666,0.5151515151515151,0.22895945608615875,0.23715299367904663,0.4912107715670165,0.9417082667350769,0.8153782486915588,0.5359487187837316,0.3076923076923077,0.3076923076923077,0.5,,,,0.8562584519386292,0.7043333053588867,0.5486754930843771
0183,V1-V2-V3,0183-5.png,0183-3.png,z-image,flux,0,1,1,0.25,0.7083333333333333,0.8333333333333333,0.45945945945945943,0.22895945608615875,0.23715299367904663,0.4912107715670165,0.9417082667350769,0.8153782486915588,0.5359487187837316,0.3076923076923077,0.3076923076923077,0.5,,,,0.8562584519386292,0.7043333053588867,0.5486754930843771
0178,V1-S2-V3,0178-3.png,0178-2.png,flux,sdxl,2,0,0,1.0,0.5833333333333333,0.41666666666666663,0.5833333333333334,0.22280648350715637,0.227280855178833,0.4950294406361892,0.89858478307724,0.14072619378566742,0.8645966443937306,0.36363636363636365,0.2727272727272727,0.5714285714285715,,,,-0.622766375541687,-1.1469407081604004,0.6281233456799115
0178,V1-V2-V3,0178-3.png,0178-2.png,flux,sdxl,2,0,0,1.0,0.5555555555555556,0.4444444444444445,0.5555555555555556,0.22280648350715637,0.227280855178833,0.4950294406361892,0.89858478307724,0.14072619378566742,0.8645966443937306,0.36363636363636365,0.2727272727272727,0.5714285714285715,,,,-0.622766375541687,-1.1469407081604004,0.6281233456799115
1412,V1-S2-V3,1412-2.png,1412-2.png,sdxl,qwen-image,1,1,0,0.5,0.875,1.0,0.4666666666666667,0.22789624333381653,0.23553195595741272,0.4917617091112773,0.918547511100769,0.9612206816673279,0.4886493529546004,0.3333333333333333,0.4444444444444444,0.4285714285714286,,,,0.9031157493591309,1.1467032432556152,0.44058316983740975
1412,V1-V2-V3,1412-2.png,1412-2.png,sdxl,qwen-image,1,1,0,0.5,0.9166666666666667,0.8055555555555556,0.532258064516129,0.22789624333381653,0.23553195595741272,0.4917617091112773,0.918547511100769,0.9612206816673279,0.4886493529546004,0.3333333333333333,0.4444444444444444,0.4285714285714286,,,,0.9031157493591309,1.1467032432556152,0.44058316983740975
0823,V1-S2-V3,0823-1.png,0823-5.png,qwen-image,sd15,1,0,0,1.0,1.0,1.0,0.5,0.23920117318630219,0.21199548244476318,0.5301483736658994,0.9612202644348145,0.9311915040016174,0.5079339922035064,0.42857142857142855,0.42857142857142855,0.5,,,,0.44602689146995544,-1.6907782554626465,0.8944293147613327
0823,V1-V2-V3,0823-1.png,0823-5.png,qwen-image,sd15,1,0,0,1.0,1.0,1.0,0.5,0.23920117318630219,0.21199548244476318,0.5301483736658994,0.9612202644348145,0.9311915040016174,0.5079339922035064,0.42857142857142855,0.42857142857142855,0.5,,,,0.44602689146995544,-1.6907782554626465,0.8944293147613327
1802,V1-S2-V3,1802-3.png,1802-2.png,sdxl,flux,0,0,0,0.5,0.3666666666666667,0.3666666666666667,0.5,0.22377970814704895,0.2270175814628601,0.4964087258392647,0.6148786544799805,0.4489770233631134,0.5779718690101007,0.09090909090909091,0.09090909090909091,0.5,,,,0.756354033946991,0.7392366528511047,0.5057226155682116
1802,V1-V2-V3,1802-3.png,1802-2.png,sdxl,flux,0,0,0,0.5,0.41111111111111115,0.24444444444444446,0.6271186440677966,0.22377970814704895,0.2270175814628601,0.4964087258392647,0.6148786544799805,0.4489770233631134,0.5779718690101007,0.09090909090909091,0.09090909090909091,0.5,,,,0.756354033946991,0.7392366528511047,0.5057226155682116
0241,V1-S2-V3,0241-5.png,0241-3.png,z-image,sd15,2,0,0,1.0,0.5,0.0,1.0,0.23277169466018677,0.2017480731010437,0.535698745903996,0.9633343815803528,0.13639654219150543,0.8759728045805129,0.3,0.0,1.0,,,,1.2918896675109863,-1.9935985803604126,0.9639276031226699
0241,V1-V2-V3,0241-5.png,0241-3.png,z-image,sd15,2,0,0,1.0,0.5833333333333334,0.0,1.0,0.23277169466018677,0.2017480731010437,0.535698745903996,0.9633343815803528,0.13639654219150543,0.8759728045805129,0.3,0.0,1.0,,,,1.2918896675109863,-1.9935985803604126,0.9639276031226699
2524,V1-S2-V3,2524-4.png,2524-1.png,z-image,sdxl,4,0,0,1.0,0.7333333333333334,0.6333333333333333,0.5365853658536586,0.2051013708114624,0.21747413277626038,0.48536029436189326,0.6381231546401978,0.748963475227356,0.4600456387508609,0.5,0.5,0.5,,,,0.6569205522537231,-0.4055289626121521,0.7431583724309861
2524,V1-V2-V3,2524-4.png,2524-1.png,z-image,sdxl,4,0,0,1.0,0.8222222222222223,0.7555555555555556,0.5211267605633803,0.2051013708114624,0.21747413277626038,0.48536029436189326,0.6381231546401978,0.748963475227356,0.4600456387508609,0.5,0.5,0.5,,,,0.6569205522537231,-0.4055289626121521,0.7431583724309861
1467,V1-S2-V3,1467-5.png,1467-3.png,z-image,qwen-image,0,1,2,0.3333333333333333,0.5666666666666667,0.8333333333333333,0.40476190476190477,0.21885284781455994,0.2198253720998764,0.4988915288688071,0.9417083859443665,0.9451637268066406,0.4990843733290338,0.4,0.5,0.4444444444444445,,,,1.5858099460601807,1.8564308881759644,0.4606911667213668
1467,V1-V2-V3,1467-5.png,1467-3.png,z-image,qwen-image,0,1,2,0.3333333333333333,0.7111111111111112,0.888888888888889,0.44444444444444453,0.21885284781455994,0.2198253720998764,0.4988915288688071,0.9417083859443665,0.9451637268066406,0.4990843733290338,0.4,0.5,0.4444444444444445,,,,1.5858099460601807,1.8564308881759644,0.4606911667213668
0681,V1-S2-V3,0681-1.png,0681-2.png,sdxl,sd15,1,0,0,1.0,0.25,0.0,1.0,0.2116500586271286,0.16850116848945618,0.5567522699649731,0.4267471134662628,0.32719820737838745,0.5660186510451116,0.14285714285714285,0.0,1.0,,,,-0.2165490835905075,-2.276148796081543,0.8869140282951431
0681,V1-V2-V3,0681-1.png,0681-2.png,sdxl,sd15,1,0,0,1.0,0.16666666666666669,0.0,1.0,0.2116500586271286,0.16850116848945618,0.5567522699649731,0.4267471134662628,0.32719820737838745,0.5660186510451116,0.14285714285714285,0.0,1.0,,,,-0.2165490835905075,-2.276148796081543,0.8869140282951431
0132,V1-S2-V3,0132-4.png,0132-4.png,sd15,flux,0,1,0,0.0,0.7083333333333333,1.0,0.4146341463414634,0.20818021893501282,0.22490321099758148,0.48069310563882406,0.7887462973594666,0.8241845965385437,0.4890143157052958,0.2,0.2,0.5,,,,1.004698395729065,1.1578949689865112,0.46458035621560445
0132,V1-V2-V3,0132-4.png,0132-4.png,sd15,flux,0,1,0,0.0,0.4722222222222222,0.6666666666666667,0.4146341463414634,0.20818021893501282,0.22490321099758148,0.48069310563882406,0.7887462973594666,0.8241845965385437,0.4890143157052958,0.2,0.2,0.5,,,,1.004698395729065,1.1578949689865112,0.46458035621560445
2014,V1-S2-V3,2014-4.png,2014-4.png,qwen-image,flux,0,1,0,0.0,1.0,0.6666666666666666,0.6000000000000001,0.21626287698745728,0.23778557777404785,0.476299114597917,0.9675778150558472,0.9481684565544128,0.5050657435144373,0.25,0.25,0.5,,,,0.7790384292602539,0.752898097038269,0.5085317935088164
2014,V1-V2-V3,2014-4.png,2014-4.png,qwen-image,flux,0,1,0,0.0,0.888888888888889,0.7222222222222223,0.5517241379310345,0.21626287698745728,0.23778557777404785,0.476299114597917,0.9675778150558472,0.9481684565544128,0.5050657435144373,0.25,0.25,0.5,,,,0.7790384292602539,0.752898097038269,0.5085317935088164
2304,V1-S2-V3,2304-4.png,2304-4.png,flux,sd15,3,0,0,1.0,0.5666666666666667,0.3,0.6538461538461539,0.22293205559253693,0.19844768941402435,0.5290526140241165,0.8322728872299194,0.13323673605918884,0.8620037202681583,0.36363636363636365,0.2727272727272727,0.5714285714285715,,,,0.9030091762542725,-0.8104455471038818,0.847283841000211
2304,V1-V2-V3,2304-4.png,2304-4.png,flux,sd15,3,0,0,1.0,0.7111111111111112,0.4222222222222223,0.6274509803921569,0.22293205559253693,0.19844768941402435,0.5290526140241165,0.8322728872299194,0.13323673605918884,0.8620037202681583,0.36363636363636365,0.2727272727272727,0.5714285714285715,,,,0.9030091762542725,-0.8104455471038818,0.847283841000211
0332,V1-S2-V3,0332-4.png,0332-4.png,sdxl,z-image,0,3,0,0.0,0.4666666666666667,0.8333333333333333,0.35897435897435903,0.22250348329544067,0.22087663412094116,0.5018345987005228,0.7592747211456299,0.8816347718238831,0.4627157831670468,0.3,0.4,0.4285714285714286,,,,-0.09995342046022415,0.945197582244873,0.2601573279576521
0332,V1-V2-V3,0332-4.png,0332-4.png,sdxl,z-image,0,3,0,0.0,0.4666666666666667,0.8333333333333333,0.35897435897435903,0.22250348329544067,0.22087663412094116,0.5018345987005228,0.7592747211456299,0.8816347718238831,0.4627157831670468,0.3,0.4,0.4285714285714286,,,,-0.09995342046022415,0.945197582244873,0.2601573279576521
2244,V1-S2-V3,2244-4.png,2244-2.png,qwen-image,z-image,0,0,1,0.5,0.25,0.625,0.2857142857142857,0.22081755101680756,0.22323457896709442,0.49727844121547793,0.8985844254493713,0.8933343291282654,0.5014649370424005,0.0,0.0,0.5,,,,0.5824764370918274,-0.16118712723255157,0.6777964568534125
2244,V1-V2-V3,2244-4.png,2244-2.png,qwen-image,z-image,0,0,1,0.5,0.6666666666666667,0.5833333333333334,0.5333333333333334,0.22081755101680756,0.22323457896709442,0.49727844121547793,0.8985844254493713,0.8933343291282654,0.5014649370424005,0.0,0.0,0.5,,,,0.5824764370918274,-0.16118712723255157,0.6777964568534125
1198,V1-S2-V3,1198-3.png,1198-1.png,qwen-image,sd15,5,0,0,1.0,1.0,0.5,0.6666666666666666,0.23547182977199554,0.2048446238040924,0.5347786299139633,0.9758807420730591,0.8620520830154419,0.5309664905876351,0.5,0.3333333333333333,0.6000000000000001,,,,0.26314032077789307,-1.2965680360794067,0.8263115001057002
1198,V1-V2-V3,1198-3.png,1198-1.png,qwen-image,sd15,5,0,0,1.0,1.0,0.6666666666666667,0.6,0.23547182977199554,0.2048446238040924,0.5347786299139633,0.9758807420730591,0.8620520830154419,0.5309664905876351,0.5,0.3333333333333333,0.6000000000000001,,,,0.26314032077789307,-1.2965680360794067,0.8263115001057002
2732,V1-S2-V3,2732-2.png,2732-4.png,flux,qwen-image,0,0,3,0.5,0.75,0.75,0.5,0.2227681577205658,0.2242332100868225,0.4983612439784659,0.9633339643478394,0.9612200856208801,0.5005491866354685,0.3333333333333333,0.3333333333333333,0.5,,,,1.3122118711471558,1.2620383501052856,0.5097452688607441
2732,V1-V2-V3,2732-2.png,2732-4.png,flux,qwen-image,0,0,3,0.5,0.8333333333333335,0.8333333333333335,0.5,0.2227681577205658,0.2242332100868225,0.4983612439784659,0.9633339643478394,0.9612200856208801,0.5005491866354685,0.3333333333333333,0.3333333333333333,0.5,,,,1.3122118711471558,1.2620383501052856,0.5097452688607441
0515,V1-S2-V3,0515-1.png,0515-5.png,qwen-image,z-image,2,0,4,0.6666666666666666,1.0,0.9,0.5263157894736842,0.21986356377601624,0.2156360149383545,0.5048536772987724,0.9744521975517273,0.956304669380188,0.5046995891824476,0.36363636363636365,0.36363636363636365,0.5,,,,1.5421255826950073,1.4704715013504028,0.5118924103266383
0515,V1-V2-V3,0515-1.png,0515-5.png,qwen-image,z-image,2,0,4,0.6666666666666666,1.0,0.8666666666666668,0.5357142857142857,0.21986356377601624,0.2156360149383545,0.5048536772987724,0.9744521975517273,0.956304669380188,0.5046995891824476,0.36363636363636365,0.36363636363636365,0.5,,,,1.5421255826950073,1.4704715013504028,0.5118924103266383
0353,V1-S2-V3,0353-5.png,0353-3.png,flux,z-image,0,3,0,0.0,0.9166666666666667,0.8333333333333333,0.5238095238095238,0.23274575173854828,0.2234889417886734,0.5101447896019361,0.8545094132423401,0.8396198153495789,0.5043944693360661,0.3076923076923077,0.3076923076923077,0.5,,,,0.46201184391975403,0.20621657371520996,0.6913980784518794
0353,V1-V2-V3,0353-5.png,0353-3.png,flux,z-image,0,3,0,0.0,0.6777777777777779,0.6222222222222222,0.5213675213675214,0.23274575173854828,0.2234889417886734,0.5101447896019361,0.8545094132423401,0.8396198153495789,0.5043944693360661,0.3076923076923077,0.3076923076923077,0.5,,,,0.46201184391975403,0.20621657371520996,0.6913980784518794
1457,V1-S2-V3,1457-3.png,1457-2.png,sd15,sdxl,0,3,0,0.0,0.25,0.5,0.3333333333333333,0.2014079988002777,0.21574893593788147,0.48281110063937294,0.5415701270103455,0.7287627458572388,0.42632143005780276,0.125,0.25,0.3333333333333333,,,,-1.8210475444793701,-0.931312084197998,0.2911644221619236
1457,V1-V2-V3,1457-3.png,1457-2.png,sd15,sdxl,0,3,0,0.0,0.16666666666666669,0.33333333333333337,0.33333333333333337,0.2014079988002777,0.21574893593788147,0.48281110063937294,0.5415701270103455,0.7287627458572388,0.42632143005780276,0.125,0.25,0.3333333333333333,,,,-1.8210475444793701,-0.931312084197998,0.2911644221619236
2182,V1-S2-V3,2182-2.png,2182-1.png,flux,sdxl,0,1,1,0.25,0.5,0.6666666666666666,0.4285714285714286,0.20408840477466583,0.20242846012115479,0.5020416676365155,0.11045736074447632,0.37513479590415955,0.2274694087046404,0.25,0.25,0.5,,,,0.2370290905237198,0.5338941812515259,0.3074613248837338
2182,V1-V2-V3,2182-2.png,2182-1.png,flux,sdxl,0,1,1,0.25,0.5333333333333334,0.6444444444444445,0.4528301886792453,0.20408840477466583,0.20242846012115479,0.5020416676365155,0.11045736074447632,0.37513479590415955,0.2274694087046404,0.25,0.25,0.5,,,,0.2370290905237198,0.5338941812515259,0.3074613248837338
2879,V1-S2-V3,2879-1.png,2879-2.png,z-image,flux,0,0,0,0.5,0.3333333333333333,0.6666666666666666,0.3333333333333333,0.20978449285030365,0.21074335277080536,0.4988599329027957,0.9311911463737488,0.3650161623954773,0.718396771931438,0.42857142857142855,0.2857142857142857,0.6000000000000001,,,,0.6260778307914734,-0.8378026485443115,0.8121254666148019
2879,V1-V2-V3,2879-1.png,2879-2.png,z-image,flux,0,0,0,0.5,0.5555555555555556,0.6666666666666667,0.45454545454545453,0.20978449285030365,0.21074335277080536,0.4988599329027957,0.9311911463737488,0.3650161623954773,0.718396771931438,0.42857142857142855,0.2857142857142857,0.6000000000000001,,,,0.6260778307914734,-0.8378026485443115,0.8121254666148019
0307,V1-S2-V3,0307-1.png,0307-5.png,z-image,qwen-image,1,0,1,0.75,1.0,1.0,0.5,0.23555411398410797,0.21855996549129486,0.5187113208562537,0.9612203240394592,0.9481680393218994,0.5034179229768065,0.375,0.375,0.5,,,,1.7010290622711182,0.8120441436767578,0.6768720697213145
0307,V1-V2-V3,0307-1.png,0307-5.png,z-image,qwen-image,1,0,1,0.75,1.0,1.0,0.5,0.23555411398410797,0.21855996549129486,0.5187113208562537,0.9612203240394592,0.9481680393218994,0.5034179229768065,0.375,0.375,0.5,,,,1.7010290622711182,0.8120441436767578,0.6768720697213145
3047,V1-S2-V3,3047-2.png,3047-2.png,sd15,qwen-image,0,3,0,0.0,0.6666666666666666,0.6666666666666666,0.5,0.19573131203651428,0.20568594336509705,0.4876006434767941,0.6257832050323486,0.7980479001998901,0.43950662598446194,0.13333333333333333,0.2,0.39999999999999997,,,,-1.294512152671814,1.622583031654358,0.05131492813309886
3047,V1-V2-V3,3047-2.png,3047-2.png,sd15,qwen-image,0,3,0,0.0,0.33333333333333337,0.5277777777777779,0.3870967741935484,0.19573131203651428,0.20568594336509705,0.4876006434767941,0.6257832050323486,0.7980479001998901,0.43950662598446194,0.13333333333333333,0.2,0.39999999999999997,,,,-1.294512152671814,1.622583031654358,0.05131492813309886
1429,V1-S2-V3,1429-4.png,1429-4.png,qwen-image,sdxl,0,2,0,0.0,0.4666666666666667,0.6333333333333333,0.4242424242424242,0.20105662941932678,0.233758807182312,0.46239533488211265,0.9348366856575012,0.941708505153656,0.49816902371181787,0.09090909090909091,0.18181818181818182,0.33333333333333337,,,,-1.575995683670044,-0.9468662738800049,0.3477079676916817
1429,V1-V2-V3,1429-4.png,1429-4.png,qwen-image,sdxl,0,2,0,0.0,0.5333333333333334,0.7000000000000001,0.4324324324324325,0.20105662941932678,0.233758807182312,0.46239533488211265,0.9348366856575012,0.941708505153656,0.49816902371181787,0.09090909090909091,0.18181818181818182,0.33333333333333337,,,,-1.575995683670044,-0.9468662738800049,0.3477079676916817
2694,V1-S2-V3,2694-1.png,2694-2.png,flux,sdxl,3,0,0,1.0,0.8333333333333333,0.6333333333333333,0.5681818181818181,0.20522931218147278,0.22120273113250732,0.4812708505358808,0.8545099496841431,0.8816348314285278,0.49218818555932853,0.36363636363636365,0.36363636363636365,0.5,,,,0.3167279064655304,0.6482966542243958,0.32820709375426854
2694,V1-V2-V3,2694-1.png,2694-2.png,flux,sdxl,3,0,0,1.0,0.888888888888889,0.6722222222222223,0.5693950177935942,0.20522931218147278,0.22120273113250732,0.4812708505358808,0.8545099496841431,0.8816348314285278,0.49218818555932853,0.36363636363636365,0.36363636363636365,0.5,,,,0.3167279064655304,0.6482966542243958,0.32820709375426854
1371,V1-S2-V3,1371-3.png,1371-5.png,qwen-image,z-image,2,0,0,1.0,0.5833333333333333,0.6666666666666666,0.4666666666666666,0.22325924038887024,0.2248016893863678,0.4982787508405706,0.7387943267822266,0.4168611764907837,0.6392859504323192,0.25,0.25,0.5,,,,1.440771460533142,0.6402187943458557,0.6923489704745964
1371,V1-V2-V3,1371-3.png,1371-5.png,qwen-image,z-image,2,0,0,1.0,0.47222222222222227,0.638888888888889,0.42500000000000004,0.22325924038887024,0.2248016893863678,0.4982787508405706,0.7387943267822266,0.4168611764907837,0.6392859504323192,0.25,0.25,0.5,,,,1.440771460533142,0.6402187943458557,0.6923489704745964
1577,V1-S2-V3,1577-1.png,1577-2.png,flux,sdxl,3,0,0,1.0,1.0,0.8333333333333333,0.5454545454545455,0.2303556501865387,0.211600199341774,0.52121869284543,0.9811364412307739,0.6846085786819458,0.5890075788923461,0.3333333333333333,0.3333333333333333,0.5,,,,1.469705581665039,0.8224616646766663,0.6411860146813835
1577,V1-V2-V3,1577-1.png,1577-2.png,flux,sdxl,3,0,0,1.0,1.0,0.7222222222222223,0.5806451612903225,0.2303556501865387,0.211600199341774,0.52121869284543,0.9811364412307739,0.6846085786819458,0.5890075788923461,0.3333333333333333,0.3333333333333333,0.5,,,,1.469705581665039,0.8224616646766663,0.6411860146813835
0580,V1-S2-V3,0580-5.png,0580-1.png,sdxl,qwen-image,1,1,0,0.5,1.0,1.0,0.5,0.23817098140716553,0.21985194087028503,0.5199979516808807,0.9654530882835388,0.9675775766372681,0.4994504773275761,0.2,0.2,0.5,,,,0.8739439845085144,0.28554126620292664,0.7537344558477796
0580,V1-V2-V3,0580-5.png,0580-1.png,sdxl,qwen-image,1,1,0,0.5,1.0,0.888888888888889,0.5294117647058824,0.23817098140716553,0.21985194087028503,0.5199979516808807,0.9654530882835388,0.9675775766372681,0.4994504773275761,0.2,0.2,0.5,,,,0.8739439845085144,0.28554126620292664,0.7537344558477796
1085,V1-S2-V3,1085-3.png,1085-5.png,sdxl,z-image,3,0,1,0.875,0.875,0.5833333333333333,0.6,0.23686525225639343,0.2153359055519104,0.523805054822095,0.881633996963501,0.9091768264770508,0.4923099555930107,0.16666666666666666,0.16666666666666666,0.5,,,,1.1332683563232422,-0.31426525115966797,0.8096185635336647
1085,V1-V2-V3,1085-3.png,1085-5.png,sdxl,z-image,3,0,1,0.875,0.638888888888889,0.5555555555555556,0.5348837209302325,0.23686525225639343,0.2153359055519104,0.523805054822095,0.881633996963501,0.9091768264770508,0.4923099555930107,0.16666666666666666,0.16666666666666666,0.5,,,,1.1332683563232422,-0.31426525115966797,0.8096185635336647
2837,V1-S2-V3,2837-5.png,2837-2.png,sd15,qwen-image,0,2,0,0.0,1.0,1.0,0.5,0.19061025977134705,0.20562539994716644,0.4810527651821063,0.8153773546218872,0.8816344738006592,0.48047829777345713,0.2,0.3,0.4,,,,-0.20806092023849487,-0.1535917967557907,0.48638608487341484
2837,V1-V2-V3,2837-5.png,2837-2.png,sd15,qwen-image,0,2,0,0.0,0.9166666666666667,0.9166666666666667,0.5,0.19061025977134705,0.20562539994716644,0.4810527651821063,0.8153773546218872,0.8816344738006592,0.48047829777345713,0.2,0.3,0.4,,,,-0.20806092023849487,-0.1535917967557907,0.48638608487341484
0745,V1-S2-V3,0745-1.png,0745-5.png,z-image,sdxl,2,1,1,0.625,0.6333333333333333,0.4666666666666667,0.5757575757575757,0.22052493691444397,0.21896405518054962,0.5017757916147727,0.8990233540534973,0.788750171661377,0.5326682403509716,0.4,0.4,0.5,,,,1.0595133304595947,0.7306631803512573,0.5918485267018129
0745,V1-V2-V3,0745-1.png,0745-5.png,z-image,sdxl,2,1,1,0.625,0.7555555555555556,0.6444444444444446,0.5396825396825397,0.22052493691444397,0.21896405518054962,0.5017757916147727,0.8990233540534973,0.788750171661377,0.5326682403509716,0.4,0.4,0.5,,,,1.0595133304595947,0.7306631803512573,0.5918485267018129
1177,V1-S2-V3,1177-3.png,1177-3.png,flux,z-image,1,2,0,0.3333333333333333,0.7333333333333334,0.9,0.44897959183673475,0.21769128739833832,0.22050674259662628,0.496787462510591,0.5187928080558777,0.9348366856575012,0.35689480042854116,0.11764705882352941,0.17647058823529413,0.39999999999999997,,,,0.9997919201850891,1.2807050943374634,0.43840965974446
1177,V1-V2-V3,1177-3.png,1177-3.png,flux,z-image,1,2,0,0.3333333333333333,0.7269841269841271,0.8857142857142858,0.4507874015748032,0.21769128739833832,0.22050674259662628,0.496787462510591,0.5187928080558777,0.9348366856575012,0.35689480042854116,0.11764705882352941,0.17647058823529413,0.39999999999999997,,,,0.9997919201850891,1.2807050943374634,0.43840965974446
0663,V1-S2-V3,0663-2.png,0663-3.png,qwen-image,sdxl,3,0,0,1.0,0.6666666666666666,0.7083333333333333,0.4848484848484848,0.23868539929389954,0.22795987129211426,0.5114921640460602,0.93119215965271,0.8545097708702087,0.5214712174164604,0.36363636363636365,0.2727272727272727,0.5714285714285715,,,,1.0543750524520874,-0.2122756540775299,0.7801688650217556
0663,V1-V2-V3,0663-2.png,0663-3.png,qwen-image,sdxl,3,0,0,1.0,0.5777777777777778,0.5388888888888889,0.5174129353233832,0.23868539929389954,0.22795987129211426,0.5114921640460602,0.93119215965271,0.8545097708702087,0.5214712174164604,0.36363636363636365,0.2727272727272727,0.5714285714285715,,,,1.0543750524520874,-0.2122756540775299,0.7801688650217556
3093,V1-S2-V3,3093-4.png,3093-1.png,sdxl,qwen-image,0,6,0,0.0,0.41666666666666663,0.5833333333333334,0.41666666666666663,0.20776872336864471,0.21331444382667542,0.4934149345187927,0.8985847234725952,0.9509501457214355,0.48584362395079916,0.2,0.3,0.4,,,,0.6680794954299927,1.636916995048523,0.28983970179117274
3093,V1-V2-V3,3093-4.png,3093-1.png,sdxl,qwen-image,0,6,0,0.0,0.5000000000000001,0.8333333333333334,0.37500000000000006,0.20776872336864471,0.21331444382667542,0.4934149345187927,0.8985847234725952,0.9509501457214355,0.48584362395079916,0.2,0.3,0.4,,,,0.6680794954299927,1.636916995048523,0.28983970179117274
0214,V1-S2-V3,0214-1.png,0214-1.png,flux,sd15,6,0,0,1.0,1.0,0.5416666666666666,0.6486486486486487,0.23251596093177795,0.1923341006040573,0.5472894604068821,0.9612203240394592,0.8933342099189758,0.518302539202119,0.2857142857142857,0.2857142857142857,0.5,,,,0.2849467396736145,-1.3028576374053955,0.8303069700290121
0214,V1-V2-V3,0214-1.png,0214-1.png,flux,sd15,6,0,0,1.0,0.888888888888889,0.6944444444444444,0.5614035087719298,0.23251596093177795,0.1923341006040573,0.5472894604068821,0.9612203240394592,0.8933342099189758,0.518302539202119,0.2857142857142857,0.2857142857142857,0.5,,,,0.2849467396736145,-1.3028576374053955,0.8303069700290121
1259,V1-S2-V3,1259-4.png,1259-5.png,flux,z-image,2,2,0,0.5,1.0,1.0,0.5,0.2257314771413803,0.2304263859987259,0.4948538551708539,0.9509500861167908,0.9509501457214355,0.49999998433023884,0.3,0.3,0.5,,,,0.4541079103946686,0.15669851005077362,0.7434563475339728
1259,V1-V2-V3,1259-4.png,1259-5.png,flux,z-image,2,2,0,0.5,0.9333333333333335,1.0,0.4827586206896552,0.2257314771413803,0.2304263859987259,0.4948538551708539,0.9509500861167908,0.9509501457214355,0.49999998433023884,0.3,0.3,0.5,,,,0.4541079103946686,0.15669851005077362,0.7434563475339728
1435,V1-S2-V3,1435-5.png,1435-2.png,z-image,qwen-image,0,4,2,0.16666666666666666,1.0,1.0,0.5,0.2380528599023819,0.22740797698497772,0.5114347782603891,0.96356600522995,0.9417049884796143,0.5057369835636274,0.2727272727272727,0.2727272727272727,0.5,,,,1.6712300777435303,1.6346064805984497,0.5055392328838315
1435,V1-V2-V3,1435-5.png,1435-2.png,z-image,qwen-image,0,4,2,0.16666666666666666,1.0,0.9444444444444445,0.5142857142857142,0.2380528599023819,0.22740797698497772,0.5114347782603891,0.96356600522995,0.9417049884796143,0.5057369835636274,0.2727272727272727,0.2727272727272727,0.5,,,,1.6712300777435303,1.6346064805984497,0.5055392328838315
2219,V1-S2-V3,2219-5.png,2219-2.png,qwen-image,flux,1,1,1,0.5,0.9,1.0,0.4736842105263158,0.2244815230369568,0.229017436504364,0.49499898139568504,0.9565383791923523,0.931191623210907,0.5067135543613696,0.2727272727272727,0.2727272727272727,0.5,,,,1.1224453449249268,1.7482681274414062,0.3909987380244165
2219,V1-V2-V3,2219-5.png,2219-2.png,qwen-image,flux,1,1,1,0.5,0.5722222222222223,0.6666666666666667,0.46188340807174894,0.2244815230369568,0.229017436504364,0.49499898139568504,0.9565383791923523,0.931191623210907,0.5067135543613696,0.2727272727272727,0.2727272727272727,0.5,,,,1.1224453449249268,1.7482681274414062,0.3909987380244165
1071,V1-S2-V3,1071-2.png,1071-2.png,flux,z-image,2,0,1,0.8333333333333334,0.9,0.7333333333333334,0.5510204081632654,0.23110148310661316,0.21663808822631836,0.5161515709201634,0.9537402391433716,0.8688140511512756,0.5232986716621666,0.1,0.1,0.5,,,,0.5124313235282898,0.09499479830265045,0.8436109431443096
1071,V1-V2-V3,1071-2.png,1071-2.png,flux,z-image,2,0,1,0.8333333333333334,0.9333333333333335,0.8222222222222223,0.5316455696202532,0.23110148310661316,0.21663808822631836,0.5161515709201634,0.9537402391433716,0.8688140511512756,0.5232986716621666,0.1,0.1,0.5,,,,0.5124313235282898,0.09499479830265045,0.8436109431443096
1589,V1-S2-V3,1589-3.png,1589-1.png,sdxl,qwen-image,0,3,0,0.0,0.6333333333333333,1.0,0.3877551020408163,0.2075190544128418,0.23799411952495575,0.4657977957837349,0.4950352907180786,0.9729069471359253,0.337230769680539,0.3,0.4,0.4285714285714286,,,,0.25310131907463074,1.9009132385253906,0.11750213951972235
1589,V1-V2-V3,1589-3.png,1589-1.png,sdxl,qwen-image,0,3,0,0.0,0.4222222222222223,1.0,0.296875,0.2075190544128418,0.23799411952495575,0.4657977957837349,0.4950352907180786,0.9729069471359253,0.337230769680539,0.3,0.4,0.4285714285714286,,,,0.25310131907463074,1.9009132385253906,0.11750213951972235
0059,V1-S2-V3,0059-4.png,0059-2.png,sd15,z-image,0,1,0,0.0,0.875,1.0,0.4666666666666667,0.19856837391853333,0.20521555840969086,0.49176888434758936,0.41686153411865234,0.9694686532020569,0.30069426312089453,0.125,0.375,0.25,,,,-1.7035633325576782,1.2686783075332642,0.04869577503354976
0059,V1-V2-V3,0059-4.png,0059-2.png,sd15,z-image,0,1,0,0.0,0.5833333333333334,0.888888888888889,0.39622641509433965,0.19856837391853333,0.20521555840969086,0.49176888434758936,0.41686153411865234,0.9694686532020569,0.30069426312089453,0.125,0.375,0.25,,,,-1.7035633325576782,1.2686783075332642,0.04869577503354976
0133,V1-S2-V3,0133-3.png,0133-4.png,sdxl,z-image,0,1,3,0.375,1.0,1.0,0.5,0.23426228761672974,0.2341369390487671,0.5001338052678428,0.945162832736969,0.9588764905929565,0.4963987986781691,0.375,0.375,0.5,,,,1.7458908557891846,1.5018409490585327,0.537572361481076
0133,V1-V2-V3,0133-3.png,0133-4.png,sdxl,z-image,0,1,3,0.375,1.0,1.0,0.5,0.23426228761672974,0.2341369390487671,0.5001338052678428,0.945162832736969,0.9588764905929565,0.4963987986781691,0.375,0.375,0.5,,,,1.7458908557891846,1.5018409490585327,0.537572361481076
1568,V1-S2-V3,1568-3.png,1568-4.png,sd15,qwen-image,0,1,0,0.0,0.125,0.625,0.16666666666666666,0.19140620529651642,0.2004144936800003,0.4885045782330864,0.35378578305244446,0.9654538035392761,0.2681740198279347,0.14285714285714285,0.42857142857142855,0.25,,,,-2.019026756286621,1.112411379814148,0.04182892961789528
1568,V1-V2-V3,1568-3.png,1568-4.png,sd15,qwen-image,0,1,0,0.0,0.19444444444444448,0.6388888888888888,0.2333333333333334,0.19140620529651642,0.2004144936800003,0.4885045782330864,0.35378578305244446,0.9654538035392761,0.2681740198279347,0.14285714285714285,0.42857142857142855,0.25,,,,-2.019026756286621,1.112411379814148,0.04182892961789528
1340,V1-S2-V3,1340-3.png,1340-5.png,flux,qwen-image,0,2,1,0.16666666666666666,1.0,1.0,0.5,0.2200821191072464,0.216269388794899,0.5043688749131153,0.9038652777671814,0.9712462425231934,0.48203281137497955,0.3333333333333333,0.3333333333333333,0.5,,,,-0.8770585060119629,0.5656290650367737,0.1911295077698848
1340,V1-V2-V3,1340-3.png,1340-5.png,flux,qwen-image,0,2,1,0.16666666666666666,0.9047619047619049,0.9523809523809524,0.4871794871794872,0.2200821191072464,0.216269388794899,0.5043688749131153,0.9038652777671814,0.9712462425231934,0.48203281137497955,0.3333333333333333,0.3333333333333333,0.5,,,,-0.8770585060119629,0.5656290650367737,0.1911295077698848
2098,V1-S2-V3,2098-2.png,2098-3.png,sdxl,qwen-image,0,3,1,0.125,0.9,1.0,0.4736842105263158,0.21414920687675476,0.20611652731895447,0.5095566672514629,0.8933348655700684,0.4950352907180786,0.6434414205203232,0.38461538461538464,0.38461538461538464,0.5,,,,-0.6057850122451782,0.21071290969848633,0.30650755912317473
2098,V1-V2-V3,2098-2.png,2098-3.png,sdxl,qwen-image,0,3,1,0.125,0.8222222222222223,1.0,0.45121951219512196,0.21414920687675476,0.20611652731895447,0.5095566672514629,0.8933348655700684,0.4950352907180786,0.6434414205203232,0.38461538461538464,0.38461538461538464,0.5,,,,-0.6057850122451782,0.21071290969848633,0.30650755912317473
0310,V1-S2-V3,0310-5.png,0310-3.png,qwen-image,flux,3,0,1,0.875,0.75,1.0,0.42857142857142855,0.2177584022283554,0.21726572513580322,0.5005662641007262,0.8478599786758423,0.8153787851333618,0.5097644409958588,0.3125,0.25,0.5555555555555556,,,,-0.05804629251360893,-0.548576831817627,0.6202314058787441
0310,V1-V2-V3,0310-5.png,0310-3.png,qwen-image,flux,3,0,1,0.875,0.6269841269841272,0.8571428571428572,0.4224598930481284,0.2177584022283554,0.21726572513580322,0.5005662641007262,0.8478599786758423,0.8153787851333618,0.5097644409958588,0.3125,0.25,0.5555555555555556,,,,-0.05804629251360893,-0.548576831817627,0.6202314058787441
2185,V1-S2-V3,2185-4.png,2185-4.png,sd15,flux,1,2,1,0.375,0.3333333333333333,0.75,0.3076923076923077,0.19833184778690338,0.21865364909172058,0.47563248427470795,0.5415650010108948,0.518791913986206,0.5107384064283444,0.4444444444444444,0.4444444444444444,0.5,,,,-0.159571573138237,0.7692145109176636,0.2831710566185498
2185,V1-V2-V3,2185-4.png,2185-4.png,sd15,flux,1,2,1,0.375,0.6666666666666667,0.8333333333333334,0.4444444444444445,0.19833184778690338,0.21865364909172058,0.47563248427470795,0.5415650010108948,0.518791913986206,0.5107384064283444,0.4444444444444444,0.4444444444444444,0.5,,,,-0.159571573138237,0.7692145109176636,0.2831710566185498
1215,V1-S2-V3,1215-4.png,1215-5.png,flux,z-image,1,1,0,0.5,0.5333333333333333,0.4666666666666667,0.5333333333333333,0.21685996651649475,0.19201000034809113,0.5303885931742129,0.48356813192367554,0.5067747831344604,0.4882835274237194,0.2857142857142857,0.2857142857142857,0.5,,,,0.03525370731949806,-0.452127069234848,0.6194892164194127
1215,V1-V2-V3,1215-4.png,1215-5.png,flux,z-image,1,1,0,0.5,0.26666666666666666,0.4666666666666667,0.3636363636363636,0.21685996651649475,0.19201000034809113,0.5303885931742129,0.48356813192367554,0.5067747831344604,0.4882835274237194,0.2857142857142857,0.2857142857142857,0.5,,,,0.03525370731949806,-0.452127069234848,0.6194892164194127
2134,V1-S2-V3,2134-2.png,2134-3.png,sdxl,flux,0,2,2,0.25,0.16666666666666666,0.7333333333333334,0.18518518518518517,0.21761107444763184,0.21087315678596497,0.5078625036471803,0.8066665530204773,0.9449324607849121,0.46053151815150634,0.2,0.3,0.4,,,,0.3062511682510376,-0.6716524362564087,0.7266920476631604
2134,V1-V2-V3,2134-2.png,2134-3.png,sdxl,flux,0,2,2,0.25,0.33333333333333337,0.7666666666666667,0.30303030303030304,0.21761107444763184,0.21087315678596497,0.5078625036471803,0.8066665530204773,0.9449324607849121,0.46053151815150634,0.2,0.3,0.4,,,,0.3062511682510376,-0.6716524362564087,0.7266920476631604
1060,V1-S2-V3,1060-2.png,1060-2.png,sdxl,flux,1,0,2,0.6666666666666666,0.9,0.7333333333333334,0.5510204081632654,0.23504133522510529,0.21027091145515442,0.5278124214577646,0.9537400007247925,0.438576340675354,0.6850023750821518,0.45454545454545453,0.36363636363636365,0.5555555555555556,,,,1.458405613899231,1.2247862815856934,0.5435338472635249
1060,V1-V2-V3,1060-2.png,1060-2.png,sdxl,flux,1,0,2,0.6666666666666666,0.9,0.7333333333333334,0.5510204081632654,0.23504133522510529,0.21027091145515442,0.5278124214577646,0.9537400007247925,0.438576340675354,0.6850023750821518,0.45454545454545453,0.36363636363636365,0.5555555555555556,,,,1.458405613899231,1.2247862815856934,0.5435338472635249
1312,V1-S2-V3,1312-5.png,1312-1.png,sdxl,qwen-image,0,1,0,0.0,0.75,0.9166666666666667,0.44999999999999996,0.2276979386806488,0.2145567685365677,0.5148570155722806,0.9744524955749512,0.9822150468826294,0.49801638471042237,0.45454545454545453,0.45454545454545453,0.5,,,,1.6584680080413818,1.0966076850891113,0.601968218940992
1312,V1-V2-V3,1312-5.png,1312-1.png,sdxl,qwen-image,0,1,0,0.0,0.75,0.9166666666666667,0.44999999999999996,0.2276979386806488,0.2145567685365677,0.5148570155722806,0.9744524955749512,0.9822150468826294,0.49801638471042237,0.45454545454545453,0.45454545454545453,0.5,,,,1.6584680080413818,1.0966076850891113,0.601968218940992
0830,V1-S2-V3,0830-4.png,0830-3.png,qwen-image,z-image,0,0,1,0.5,0.41666666666666663,0.7083333333333333,0.37037037037037035,0.23307055234909058,0.22749492526054382,0.5060530232503363,0.9654514789581299,0.8478553891181946,0.5324258656684759,0.3,0.2,0.6,,,,0.4657888412475586,0.43944352865219116,0.5145516849990047
0830,V1-V2-V3,0830-4.png,0830-3.png,qwen-image,z-image,0,0,1,0.5,0.3611111111111111,0.4722222222222222,0.43333333333333335,0.23307055234909058,0.22749492526054382,0.5060530232503363,0.9654514789581299,0.8478553891181946,0.5324258656684759,0.3,0.2,0.6,,,,0.4657888412475586,0.43944352865219116,0.5145516849990047
1583,V1-S2-V3,1583-1.png,1583-3.png,z-image,sdxl,0,0,0,0.5,0.5833333333333334,0.6666666666666666,0.4666666666666667,0.2423994094133377,0.2312905192375183,0.5117259091907013,0.6953898072242737,0.9311916828155518,0.4275161198393126,0.2222222222222222,0.2222222222222222,0.5,,,,1.3590724468231201,1.3524928092956543,0.5012132545054224
1583,V1-V2-V3,1583-1.png,1583-3.png,z-image,sdxl,0,0,0,0.5,0.5833333333333334,0.6666666666666666,0.4666666666666667,0.2423994094133377,0.2312905192375183,0.5117259091907013,0.6953898072242737,0.9311916828155518,0.4275161198393126,0.2222222222222222,0.2222222222222222,0.5,,,,1.3590724468231201,1.3524928092956543,0.5012132545054224
0220,V1-S2-V3,0220-5.png,0220-3.png,flux,sd15,2,0,0,1.0,0.9166666666666667,0.6666666666666666,0.5789473684210527,0.22955989837646484,0.2130127251148224,0.5186943027916052,0.9185470938682556,0.5653465986251831,0.6190113877529789,0.3333333333333333,0.25,0.5714285714285715,,,,0.19312533736228943,-1.5242843627929688,0.8477948884164664
0220,V1-V2-V3,0220-5.png,0220-3.png,flux,sd15,2,0,0,1.0,0.9444444444444445,0.7111111111111111,0.5704697986577182,0.22955989837646484,0.2130127251148224,0.5186943027916052,0.9185470938682556,0.5653465986251831,0.6190113877529789,0.3333333333333333,0.25,0.5714285714285715,,,,0.19312533736228943,-1.5242843627929688,0.8477948884164664
2958,V1-S2-V3,2958-2.png,2958-2.png,z-image,flux,0,2,4,0.3333333333333333,0.8333333333333333,1.0,0.45454545454545453,0.23343855142593384,0.23814809322357178,0.4950067057124379,0.9311920404434204,0.9481682181358337,0.495483522221214,0.375,0.375,0.5,,,,0.34628790616989136,1.658185601234436,0.1727575370244296
2958,V1-V2-V3,2958-2.png,2958-2.png,z-image,flux,0,2,4,0.3333333333333333,0.5555555555555556,0.6666666666666667,0.45454545454545453,0.23343855142593384,0.23814809322357178,0.4950067057124379,0.9311920404434204,0.9481682181358337,0.495483522221214,0.375,0.375,0.5,,,,0.34628790616989136,1.658185601234436,0.1727575370244296
2121,V1-S2-V3,2121-1.png,2121-2.png,z-image,sdxl,1,1,0,0.5,0.8333333333333333,0.8333333333333333,0.5,0.21915599703788757,0.2264651656150818,0.49179889871737725,0.3650158941745758,0.6953892111778259,0.3442230637443706,0.6,0.4,0.6,,,,-1.2112438678741455,-0.8488548994064331,0.4103813873037057
2121,V1-V2-V3,2121-1.png,2121-2.png,z-image,sdxl,1,1,0,0.5,0.5555555555555556,0.888888888888889,0.3846153846153846,0.21915599703788757,0.2264651656150818,0.49179889871737725,0.3650158941745758,0.6953892111778259,0.3442230637443706,0.6,0.4,0.6,,,,-1.2112438678741455,-0.8488548994064331,0.4103813873037057
0544,V1-S2-V3,0544-2.png,0544-4.png,sd15,sdxl,1,1,2,0.5,0.5833333333333333,0.41666666666666663,0.5833333333333334,0.2016245275735855,0.22218918800354004,0.47573856192696506,0.7697268128395081,0.8545099496841431,0.4739006224951763,0.15384615384615385,0.15384615384615385,0.5,,,,-0.9985865950584412,0.13583076000213623,0.2433468152500937
0544,V1-V2-V3,0544-2.png,0544-4.png,sd15,sdxl,1,1,2,0.5,0.3888888888888889,0.3611111111111111,0.5185185185185185,0.2016245275735855,0.22218918800354004,0.47573856192696506,0.7697268128395081,0.8545099496841431,0.4739006224951763,0.15384615384615385,0.15384615384615385,0.5,,,,-0.9985865950584412,0.13583076000213623,0.2433468152500937
2494,V1-S2-V3,2494-5.png,2494-2.png,qwen-image,sdxl,1,0,0,1.0,1.0,0.8333333333333333,0.5454545454545455,0.22339966893196106,0.20876143872737885,0.5169360800233337,0.9860593676567078,0.9384949803352356,0.5123572471131045,0.5,0.5,0.5,,,,1.7783182859420776,0.1957651972770691,0.9008323614775228
2494,V1-V2-V3,2494-5.png,2494-2.png,qwen-image,sdxl,1,0,0,1.0,1.0,0.888888888888889,0.5294117647058824,0.22339966893196106,0.20876143872737885,0.5169360800233337,0.9860593676567078,0.9384949803352356,0.5123572471131045,0.5,0.5,0.5,,,,1.7783182859420776,0.1957651972770691,0.9008323614775228
0787,V1-S2-V3,0787-2.png,0787-1.png,sd15,z-image,0,2,0,0.0,0.5,0.6666666666666666,0.4285714285714286,0.21050292253494263,0.22937849164009094,0.4785447071677851,0.6018099188804626,0.7795612215995789,0.4356612797566678,0.42857142857142855,0.42857142857142855,0.5,,,,-0.49291926622390747,0.27983012795448303,0.3158846574070484
0787,V1-V2-V3,0787-2.png,0787-1.png,sd15,z-image,0,2,0,0.0,0.33333333333333337,0.4444444444444445,0.42857142857142855,0.21050292253494263,0.22937849164009094,0.4785447071677851,0.6018099188804626,0.7795612215995789,0.4356612797566678,0.42857142857142855,0.42857142857142855,0.5,,,,-0.49291926622390747,0.27983012795448303,0.3158846574070484
2287,V1-S2-V3,2287-5.png,2287-5.png,sdxl,qwen-image,0,5,0,0.0,1.0,0.75,0.5714285714285714,0.23584137856960297,0.239046111702919,0.4966257974794441,0.9230433106422424,0.9758809208869934,0.4860874885455014,0.3,0.3,0.5,,,,1.4557504653930664,1.5977528095245361,0.4767476352002109
2287,V1-V2-V3,2287-5.png,2287-5.png,sdxl,qwen-image,0,5,0,0.0,0.8333333333333335,0.8333333333333335,0.5,0.23584137856960297,0.239046111702919,0.4966257974794441,0.9230433106422424,0.9758809208869934,0.4860874885455014,0.3,0.3,0.5,,,,1.4557504653930664,1.5977528095245361,0.4767476352002109
0386,V1-S2-V3,0386-1.png,0386-5.png,z-image,qwen-image,0,0,1,0.5,0.6666666666666666,0.6666666666666666,0.5,0.2279396653175354,0.23463992774486542,0.49275771939811214,0.8688145279884338,0.9449331760406494,0.47901619726847217,0.36363636363636365,0.36363636363636365,0.5,,,,-0.41922837495803833,0.5098666548728943,0.28310834939689317
0386,V1-V2-V3,0386-1.png,0386-5.png,z-image,qwen-image,0,0,1,0.5,0.7777777777777779,0.7777777777777779,0.5,0.2279396653175354,0.23463992774486542,0.49275771939811214,0.8688145279884338,0.9449331760406494,0.47901619726847217,0.36363636363636365,0.36363636363636365,0.5,,,,-0.41922837495803833,0.5098666548728943,0.28310834939689317
